{"cameraMode":{"drawMode":0,"name":"Shaded","section":"Shading Mode"},"sceneLighting":false,"audioPlay":false,"sceneViewState":{"m_AlwaysRefresh":false,"showFog":true,"showSkybox":false,"showFlares":true,"showImageEffects":true,"showParticleSystems":true,"showVisualEffectGraphs":true,"m_FxEnabled":true},"in2DMode":false,"pivot":{"x":-31.220949172973634,"y":-6.812854290008545,"z":194.46038818359376},"rotation":{"x":0.12777331471443177,"y":-0.7200688123703003,"z":0.13773825764656068,"w":0.6679902076721191},"size":26.077816009521486,"orthographic":false}