{"cameraMode":{"drawMode":0,"name":"Shaded","section":"Shading Mode"},"sceneLighting":false,"audioPlay":false,"sceneViewState":{"m_AlwaysRefresh":false,"showFog":true,"showSkybox":false,"showFlares":true,"showImageEffects":true,"showParticleSystems":true,"showVisualEffectGraphs":true,"m_FxEnabled":true},"in2DMode":false,"pivot":{"x":0.1682262420654297,"y":0.47273850440979006,"z":-0.26645565032958987},"rotation":{"x":0.10380994528532028,"y":0.6570358872413635,"z":-0.09206777811050415,"w":0.7410208582878113},"size":2.383446216583252,"orthographic":false}